-- sale_opportunities + sale_contract_milestones
-- Generated: 2026-04-28 16:09:36
-- Records: 69

INSERT OR IGNORE INTO sale_opportunities (id, pl_hd, product_group, customer_id, customer_name, project_name, scope_en, scope_vn, stage, win_probability, weight_ton, contract_value_vnd, contract_value_usd, unit_price_usd, material_cost_usd, labor_cost_usd, subcontractor_cost_usd, profit_usd, estimated_signing, start_date, duration_months, end_date, qty_2025, value_2025, gp_2025, qty_2026, value_2026, gp_2026, assigned_to, notes, created_at, updated_at) VALUES ('72d09efd8d8843', '25-076', 'SHIP', 'e7d8d681c8b344', 'Công ty TNHH MTV Đóng tàu Hạ Long', 'Tàu CSOV 06, CSOV 07', 'Fabrication Ship Blocks', 'Đóng tổng đoạn tàu', 'WON', 100.0, 500.0, 8620211750.0, 338047.52, 0.68, NULL, NULL, NULL, 77658.6, '2024-11-05', '2024-11-01', 7.0, '2025-06-30', 500.0, 8620211750.0, NULL, NULL, NULL, NULL, NULL, 'Source: Sale Plan / Cac HD va du an tiem nang; Section: SIGNED_2024', '2026-04-28 16:09:36', '2026-04-28 16:09:36');
INSERT OR IGNORE INTO sale_contract_milestones (id, opportunity_id, milestone_number, milestone_type, title, planned_date, invoice_amount_vnd, invoice_status, notes, created_at, updated_at) VALUES ('f08efd709c3c4b', '72d09efd8d8843', 1, 'PAYMENT', 'Payment Milestone 1 - 25-076', '2024-12-02', 830437425.0, 'NOT_INVOICED', 'Auto-imported from Sale Plan', '2026-04-28 16:09:36', '2026-04-28 16:09:36');
INSERT OR IGNORE INTO sale_contract_milestones (id, opportunity_id, milestone_number, milestone_type, title, planned_date, invoice_amount_vnd, invoice_status, notes, created_at, updated_at) VALUES ('093f9b7ce1e543', '72d09efd8d8843', 2, 'PAYMENT', 'Payment Milestone 2 - 25-076', '2025-04-29', 684093600.0, 'NOT_INVOICED', 'Auto-imported from Sale Plan', '2026-04-28 16:09:36', '2026-04-28 16:09:36');
INSERT OR IGNORE INTO sale_contract_milestones (id, opportunity_id, milestone_number, milestone_type, title, planned_date, invoice_amount_vnd, invoice_status, notes, created_at, updated_at) VALUES ('78754ebaba5b4c', '72d09efd8d8843', 3, 'PAYMENT', 'Payment Milestone 3 - 25-076', '2025-05-19', 1026140400.0, 'NOT_INVOICED', 'Auto-imported from Sale Plan', '2026-04-28 16:09:36', '2026-04-28 16:09:36');
INSERT OR IGNORE INTO sale_contract_milestones (id, opportunity_id, milestone_number, milestone_type, title, planned_date, invoice_amount_vnd, invoice_status, notes, created_at, updated_at) VALUES ('ff69ecafb04e4d', '72d09efd8d8843', 4, 'PAYMENT', 'Payment Milestone 4 - 25-076', '2025-08-22', 895454482.31, 'NOT_INVOICED', 'Auto-imported from Sale Plan', '2026-04-28 16:09:36', '2026-04-28 16:09:36');
INSERT OR IGNORE INTO sale_contract_milestones (id, opportunity_id, milestone_number, milestone_type, title, planned_date, invoice_amount_vnd, invoice_status, notes, created_at, updated_at) VALUES ('dc5e1b3d9da542', '72d09efd8d8843', 5, 'PAYMENT', 'Payment Milestone 5 - 25-076', NULL, NULL, 'NOT_INVOICED', 'Auto-imported from Sale Plan', '2026-04-28 16:09:36', '2026-04-28 16:09:36');
INSERT OR IGNORE INTO sale_opportunities (id, pl_hd, product_group, customer_id, customer_name, project_name, scope_en, scope_vn, stage, win_probability, weight_ton, contract_value_vnd, contract_value_usd, unit_price_usd, material_cost_usd, labor_cost_usd, subcontractor_cost_usd, profit_usd, estimated_signing, start_date, duration_months, end_date, qty_2025, value_2025, gp_2025, qty_2026, value_2026, gp_2026, assigned_to, notes, created_at, updated_at) VALUES ('8747495fe49f49', '25-078', 'HRSG', '5b8a1ce4141c44', 'VOGT POWER INTERNATIONAL', 'V17556 PT FREEPORT', 'Fabrication HRSR non pressure part', 'Gia công kết cấu thép HRSG', 'WON', 100.0, 750.0, 40808160000.0, 1600320.0, 2.13, NULL, NULL, NULL, 187917.0, '2024-12-16', '2024-12-16', 16.0, '2026-04-15', 93.75, 200040.0, NULL, 656.25, 1400280.0, NULL, NULL, 'Source: Sale Plan / Cac HD va du an tiem nang; Section: SIGNED_2024', '2026-04-28 16:09:36', '2026-04-28 16:09:36');
INSERT OR IGNORE INTO sale_contract_milestones (id, opportunity_id, milestone_number, milestone_type, title, planned_date, invoice_amount_vnd, invoice_status, notes, created_at, updated_at) VALUES ('f4209e181f6e46', '8747495fe49f49', 1, 'PAYMENT', 'Payment Milestone 1 - 25-078', '2025-05-05', 160032.95, 'NOT_INVOICED', 'Auto-imported from Sale Plan', '2026-04-28 16:09:36', '2026-04-28 16:09:36');
INSERT OR IGNORE INTO sale_contract_milestones (id, opportunity_id, milestone_number, milestone_type, title, planned_date, invoice_amount_vnd, invoice_status, notes, created_at, updated_at) VALUES ('adbff954d8474f', '8747495fe49f49', 2, 'PAYMENT', 'Payment Milestone 2 - 25-078', '2025-06-10', 560115.31, 'NOT_INVOICED', 'Auto-imported from Sale Plan', '2026-04-28 16:09:36', '2026-04-28 16:09:36');
INSERT OR IGNORE INTO sale_opportunities (id, pl_hd, product_group, customer_id, customer_name, project_name, scope_en, scope_vn, stage, win_probability, weight_ton, contract_value_vnd, contract_value_usd, unit_price_usd, material_cost_usd, labor_cost_usd, subcontractor_cost_usd, profit_usd, estimated_signing, start_date, duration_months, end_date, qty_2025, value_2025, gp_2025, qty_2026, value_2026, gp_2026, assigned_to, notes, created_at, updated_at) VALUES ('6efdb2bdf14145', '25-079', 'DUCT', '20d77178228b48', 'Thyssenkrupp Polysius (Vietnam) Ltd', 'Tertiary air duct', 'Duct, piping', 'Ống dẫn, đường ống', 'WON', 100.0, 179.17, 9799825000.0, 391993.0, 2.19, NULL, NULL, NULL, 79588.0, '2024-12-18', '2024-12-01', 7.0, '2025-06-01', 179.17, 391993.0, NULL, 0.0, 0.0, NULL, NULL, 'Source: Sale Plan / Cac HD va du an tiem nang; Section: SIGNED_2024', '2026-04-28 16:09:36', '2026-04-28 16:09:36');
INSERT OR IGNORE INTO sale_contract_milestones (id, opportunity_id, milestone_number, milestone_type, title, planned_date, invoice_amount_vnd, invoice_status, notes, created_at, updated_at) VALUES ('03891d72a5a044', '6efdb2bdf14145', 1, 'PAYMENT', 'Payment Milestone 1 - 25-079', '2025-02-14', 1869279509.6, 'NOT_INVOICED', 'Auto-imported from Sale Plan', '2026-04-28 16:09:36', '2026-04-28 16:09:36');
INSERT OR IGNORE INTO sale_contract_milestones (id, opportunity_id, milestone_number, milestone_type, title, planned_date, invoice_amount_vnd, invoice_status, notes, created_at, updated_at) VALUES ('50edb001fd344b', '6efdb2bdf14145', 2, 'PAYMENT', 'Payment Milestone 2 - 25-079', '2025-03-01', 934639754.8, 'NOT_INVOICED', 'Auto-imported from Sale Plan', '2026-04-28 16:09:36', '2026-04-28 16:09:36');
INSERT OR IGNORE INTO sale_opportunities (id, pl_hd, product_group, customer_id, customer_name, project_name, scope_en, scope_vn, stage, win_probability, weight_ton, contract_value_vnd, contract_value_usd, unit_price_usd, material_cost_usd, labor_cost_usd, subcontractor_cost_usd, profit_usd, estimated_signing, start_date, duration_months, end_date, qty_2025, value_2025, gp_2025, qty_2026, value_2026, gp_2026, assigned_to, notes, created_at, updated_at) VALUES ('b880fae509754c', '25-080', 'DUCT', 'ce3934334dc841', 'Braden-Europe B.V', '13079 WHYALA ATCO H2', 'Exhaust Stack ( 4 units)', 'Gia công chế tạo 04 ống khói', 'WON', 100.0, 271.0, 16243165440.0, 636986.88, 2.35, NULL, NULL, NULL, 155616.0, '2025-01-16', '2025-02-01', 4.0, '2025-05-01', 271.0, 636986.88, NULL, 0.0, 0.0, NULL, NULL, 'Source: Sale Plan / Cac HD va du an tiem nang; Section: SIGNED_2025', '2026-04-28 16:09:36', '2026-04-28 16:09:36');
INSERT OR IGNORE INTO sale_contract_milestones (id, opportunity_id, milestone_number, milestone_type, title, planned_date, invoice_amount_vnd, invoice_status, notes, created_at, updated_at) VALUES ('ed2e1d8a002f47', 'b880fae509754c', 1, 'PAYMENT', 'Payment Milestone 1 - 25-080', '2025-03-31', 127397.38, 'NOT_INVOICED', 'Auto-imported from Sale Plan', '2026-04-28 16:09:36', '2026-04-28 16:09:36');
INSERT OR IGNORE INTO sale_contract_milestones (id, opportunity_id, milestone_number, milestone_type, title, planned_date, invoice_amount_vnd, invoice_status, notes, created_at, updated_at) VALUES ('bad1cb293cd64d', 'b880fae509754c', 2, 'PAYMENT', 'Payment Milestone 2 - 25-080', '2025-03-31', 31849.34, 'NOT_INVOICED', 'Auto-imported from Sale Plan', '2026-04-28 16:09:36', '2026-04-28 16:09:36');
INSERT OR IGNORE INTO sale_contract_milestones (id, opportunity_id, milestone_number, milestone_type, title, planned_date, invoice_amount_vnd, invoice_status, notes, created_at, updated_at) VALUES ('7afc8800490740', 'b880fae509754c', 3, 'PAYMENT', 'Payment Milestone 3 - 25-080', '2025-03-31', 127397.38, 'NOT_INVOICED', 'Auto-imported from Sale Plan', '2026-04-28 16:09:36', '2026-04-28 16:09:36');
INSERT OR IGNORE INTO sale_opportunities (id, pl_hd, product_group, customer_id, customer_name, project_name, scope_en, scope_vn, stage, win_probability, weight_ton, contract_value_vnd, contract_value_usd, unit_price_usd, material_cost_usd, labor_cost_usd, subcontractor_cost_usd, profit_usd, estimated_signing, start_date, duration_months, end_date, qty_2025, value_2025, gp_2025, qty_2026, value_2026, gp_2026, assigned_to, notes, created_at, updated_at) VALUES ('f007ebaff7dc4e', '25-081', 'DUCT', '5b8a1ce4141c44', 'VOGT POWER INTERNATIONAL', 'V17558-LGE Mill Creek 5', 'Fabrication the Large Bore Pipe Support Steel', 'Fabrication the Large Bore Pipe Support Steel', 'WON', 100.0, 28.0, 1515516000.0, 59432.0, 2.12, NULL, NULL, NULL, 11488.0, '2025-02-07', '2025-03-01', 3.0, '2025-05-01', 28.0, 59432.0, NULL, 0.0, 0.0, NULL, NULL, 'Source: Sale Plan / Cac HD va du an tiem nang; Section: SIGNED_2025', '2026-04-28 16:09:36', '2026-04-28 16:09:36');
INSERT OR IGNORE INTO sale_contract_milestones (id, opportunity_id, milestone_number, milestone_type, title, planned_date, invoice_amount_vnd, invoice_status, notes, created_at, updated_at) VALUES ('f5b612a504b148', 'f007ebaff7dc4e', 1, 'PAYMENT', 'Payment Milestone 1 - 25-081', '2025-03-21', 11886.4, 'NOT_INVOICED', 'Auto-imported from Sale Plan', '2026-04-28 16:09:36', '2026-04-28 16:09:36');
INSERT OR IGNORE INTO sale_contract_milestones (id, opportunity_id, milestone_number, milestone_type, title, planned_date, invoice_amount_vnd, invoice_status, notes, created_at, updated_at) VALUES ('c69854aff4924f', 'f007ebaff7dc4e', 2, 'PAYMENT', 'Payment Milestone 2 - 25-081', '2025-04-15', 17829.6, 'NOT_INVOICED', 'Auto-imported from Sale Plan', '2026-04-28 16:09:36', '2026-04-28 16:09:36');
INSERT OR IGNORE INTO sale_contract_milestones (id, opportunity_id, milestone_number, milestone_type, title, planned_date, invoice_amount_vnd, invoice_status, notes, created_at, updated_at) VALUES ('6330e3094cdb4f', 'f007ebaff7dc4e', 3, 'PAYMENT', 'Payment Milestone 3 - 25-081', '2025-07-17', 23772.8, 'NOT_INVOICED', 'Auto-imported from Sale Plan', '2026-04-28 16:09:36', '2026-04-28 16:09:36');
INSERT OR IGNORE INTO sale_opportunities (id, pl_hd, product_group, customer_id, customer_name, project_name, scope_en, scope_vn, stage, win_probability, weight_ton, contract_value_vnd, contract_value_usd, unit_price_usd, material_cost_usd, labor_cost_usd, subcontractor_cost_usd, profit_usd, estimated_signing, start_date, duration_months, end_date, qty_2025, value_2025, gp_2025, qty_2026, value_2026, gp_2026, assigned_to, notes, created_at, updated_at) VALUES ('7752ef2f165849', '25-082', 'DIVERTER', 'ce3934334dc841', 'Braden-Europe B.V', '35062 - Air Intake System', 'manufacturing 2 dampers', 'manufacturing 2 dampers', 'WON', 100.0, 10.0, 1329060000.0, 52120.0, 5.21, NULL, NULL, NULL, 12827.0, '2025-02-17', '2025-02-20', 3.5, '2025-05-30', 10.0, 52120.0, NULL, 0.0, 0.0, NULL, NULL, 'Source: Sale Plan / Cac HD va du an tiem nang; Section: SIGNED_2025', '2026-04-28 16:09:36', '2026-04-28 16:09:36');
INSERT OR IGNORE INTO sale_contract_milestones (id, opportunity_id, milestone_number, milestone_type, title, planned_date, invoice_amount_vnd, invoice_status, notes, created_at, updated_at) VALUES ('a372c5b93a8b4e', '7752ef2f165849', 1, 'PAYMENT', 'Payment Milestone 1 - 25-082', '2025-03-25', 10424.0, 'NOT_INVOICED', 'Auto-imported from Sale Plan', '2026-04-28 16:09:36', '2026-04-28 16:09:36');
INSERT OR IGNORE INTO sale_contract_milestones (id, opportunity_id, milestone_number, milestone_type, title, planned_date, invoice_amount_vnd, invoice_status, notes, created_at, updated_at) VALUES ('70d80501b7524f', '7752ef2f165849', 2, 'PAYMENT', 'Payment Milestone 2 - 25-082', '2025-05-29', 15636.0, 'NOT_INVOICED', 'Auto-imported from Sale Plan', '2026-04-28 16:09:36', '2026-04-28 16:09:36');
INSERT OR IGNORE INTO sale_opportunities (id, pl_hd, product_group, customer_id, customer_name, project_name, scope_en, scope_vn, stage, win_probability, weight_ton, contract_value_vnd, contract_value_usd, unit_price_usd, material_cost_usd, labor_cost_usd, subcontractor_cost_usd, profit_usd, estimated_signing, start_date, duration_months, end_date, qty_2025, value_2025, gp_2025, qty_2026, value_2026, gp_2026, assigned_to, notes, created_at, updated_at) VALUES ('3d308978de1f49', '25-087', 'HANDLING', '5b8a1ce4141c44', 'VOGT POWER INTERNATIONAL', 'V28579', 'Module Harp Combination Handling and Up-righting Frame', 'Module Harp Combination Handling and Up-righting Frame', 'WON', 100.0, 8.0, 499498590.0, 19588.18, 2.45, NULL, NULL, NULL, 3739.0, '2025-03-06', '2025-03-20', 8.5, '2025-11-10', 8.0, 19588.18, NULL, 0.0, 0.0, NULL, NULL, 'Source: Sale Plan / Cac HD va du an tiem nang; Section: SIGNED_2025', '2026-04-28 16:09:36', '2026-04-28 16:09:36');
INSERT OR IGNORE INTO sale_contract_milestones (id, opportunity_id, milestone_number, milestone_type, title, planned_date, invoice_amount_vnd, invoice_status, notes, created_at, updated_at) VALUES ('5d868d2603784d', '3d308978de1f49', 1, 'PAYMENT', 'Payment Milestone 1 - 25-087', '2025-06-02', 9794.09, 'NOT_INVOICED', 'Auto-imported from Sale Plan', '2026-04-28 16:09:36', '2026-04-28 16:09:36');
INSERT OR IGNORE INTO sale_customers (id, code, name, country, region, status, created_at, updated_at) VALUES ('78f5d8cab19849', 'WEDNTN', 'Wednt Noise Control', NULL, 'OTHER', 'ACTIVE', '2026-04-28 16:09:36', '2026-04-28 16:09:36');
INSERT OR IGNORE INTO sale_opportunities (id, pl_hd, product_group, customer_id, customer_name, project_name, scope_en, scope_vn, stage, win_probability, weight_ton, contract_value_vnd, contract_value_usd, unit_price_usd, material_cost_usd, labor_cost_usd, subcontractor_cost_usd, profit_usd, estimated_signing, start_date, duration_months, end_date, qty_2025, value_2025, gp_2025, qty_2026, value_2026, gp_2026, assigned_to, notes, created_at, updated_at) VALUES ('1f993b3f4b774a', '25-088', 'HANDLING', '78f5d8cab19849', 'Wednt Noise Control', '324063 - Ras Abu Fontas', 'Steel construction', 'Steel construction', 'WON', 100.0, 38.5, 2383780800.0, 93481.6, 2.43, NULL, NULL, NULL, 18173.0, '2025-03-26', '2025-04-01', 4.0, '2025-08-04', 38.5, 93481.6, NULL, 0.0, 0.0, NULL, NULL, 'Source: Sale Plan / Cac HD va du an tiem nang; Section: SIGNED_2025', '2026-04-28 16:09:36', '2026-04-28 16:09:36');
INSERT OR IGNORE INTO sale_contract_milestones (id, opportunity_id, milestone_number, milestone_type, title, planned_date, invoice_amount_vnd, invoice_status, notes, created_at, updated_at) VALUES ('334b992f556048', '1f993b3f4b774a', 1, 'PAYMENT', 'Payment Milestone 1 - 25-088', '2025-05-06', 18696.32, 'NOT_INVOICED', 'Auto-imported from Sale Plan', '2026-04-28 16:09:36', '2026-04-28 16:09:36');
INSERT OR IGNORE INTO sale_contract_milestones (id, opportunity_id, milestone_number, milestone_type, title, planned_date, invoice_amount_vnd, invoice_status, notes, created_at, updated_at) VALUES ('bde398e8f2bf46', '1f993b3f4b774a', 2, 'PAYMENT', 'Payment Milestone 2 - 25-088', '2025-06-02', 28044.48, 'NOT_INVOICED', 'Auto-imported from Sale Plan', '2026-04-28 16:09:36', '2026-04-28 16:09:36');
INSERT OR IGNORE INTO sale_contract_milestones (id, opportunity_id, milestone_number, milestone_type, title, planned_date, invoice_amount_vnd, invoice_status, notes, created_at, updated_at) VALUES ('f6e80b09443b4b', '1f993b3f4b774a', 3, 'PAYMENT', 'Payment Milestone 3 - 25-088', '2025-07-18', 21793.1, 'NOT_INVOICED', 'Auto-imported from Sale Plan', '2026-04-28 16:09:36', '2026-04-28 16:09:36');
INSERT OR IGNORE INTO sale_opportunities (id, pl_hd, product_group, customer_id, customer_name, project_name, scope_en, scope_vn, stage, win_probability, weight_ton, contract_value_vnd, contract_value_usd, unit_price_usd, material_cost_usd, labor_cost_usd, subcontractor_cost_usd, profit_usd, estimated_signing, start_date, duration_months, end_date, qty_2025, value_2025, gp_2025, qty_2026, value_2026, gp_2026, assigned_to, notes, created_at, updated_at) VALUES ('11b39a8c0e2441', '25-089', 'HANDLING', '20d77178228b48', 'Thyssenkrupp Polysius (Vietnam) Ltd', 'D900325/LARAMIEFA_Steel plate work (LOT 11B)', 'Steel plate work (LOT 11B)', 'Steel plate work (LOT 11B)', 'WON', 100.0, 70.0, 4471288113.0, 175344.63, 2.5, NULL, NULL, NULL, 32211.0, '2025-04-24', '2025-05-01', 1.5, '2025-06-15', 70.0, 175344.63, NULL, 0.0, 0.0, NULL, NULL, 'Source: Sale Plan / Cac HD va du an tiem nang; Section: SIGNED_2025', '2026-04-28 16:09:36', '2026-04-28 16:09:36');
INSERT OR IGNORE INTO sale_contract_milestones (id, opportunity_id, milestone_number, milestone_type, title, planned_date, invoice_amount_vnd, invoice_status, notes, created_at, updated_at) VALUES ('7ab67c89d4b04c', '11b39a8c0e2441', 1, 'PAYMENT', 'Payment Milestone 1 - 25-089', '2025-06-10', 1341386434.0, 'NOT_INVOICED', 'Auto-imported from Sale Plan', '2026-04-28 16:09:36', '2026-04-28 16:09:36');
INSERT OR IGNORE INTO sale_opportunities (id, pl_hd, product_group, customer_id, customer_name, project_name, scope_en, scope_vn, stage, win_probability, weight_ton, contract_value_vnd, contract_value_usd, unit_price_usd, material_cost_usd, labor_cost_usd, subcontractor_cost_usd, profit_usd, estimated_signing, start_date, duration_months, end_date, qty_2025, value_2025, gp_2025, qty_2026, value_2026, gp_2026, assigned_to, notes, created_at, updated_at) VALUES ('a5abe516ad9b41', '25-090', 'HRSG', 'ce3934334dc841', 'Braden-Europe B.V', '13105 & 13164 NE GHAZLAN & HAJR', '10 Diverters', 'Gia công chế tạo 10 bộ Diverters', 'WON', 100.0, 1467.0, 103389784680.0, 4054501.36, 2.76, NULL, NULL, NULL, 1029843.0, '2025-03-26', '2025-05-15', 11.0, '2026-03-13', 1000.23, 2764432.75, NULL, 466.77, 1290068.61, NULL, NULL, 'Source: Sale Plan / Cac HD va du an tiem nang; Section: SIGNED_2025', '2026-04-28 16:09:36', '2026-04-28 16:09:36');
INSERT OR IGNORE INTO sale_contract_milestones (id, opportunity_id, milestone_number, milestone_type, title, planned_date, invoice_amount_vnd, invoice_status, notes, created_at, updated_at) VALUES ('462b95d7d6d147', 'a5abe516ad9b41', 1, 'PAYMENT', 'Payment Milestone 1 - 25-090', '2025-07-07', 302017.09, 'NOT_INVOICED', 'Auto-imported from Sale Plan', '2026-04-28 16:09:36', '2026-04-28 16:09:36');
INSERT OR IGNORE INTO sale_contract_milestones (id, opportunity_id, milestone_number, milestone_type, title, planned_date, invoice_amount_vnd, invoice_status, notes, created_at, updated_at) VALUES ('012d691445a14b', 'a5abe516ad9b41', 2, 'PAYMENT', 'Payment Milestone 2 - 25-090', '2025-07-07', 75504.27, 'NOT_INVOICED', 'Auto-imported from Sale Plan', '2026-04-28 16:09:36', '2026-04-28 16:09:36');
INSERT OR IGNORE INTO sale_opportunities (id, pl_hd, product_group, customer_id, customer_name, project_name, scope_en, scope_vn, stage, win_probability, weight_ton, contract_value_vnd, contract_value_usd, unit_price_usd, material_cost_usd, labor_cost_usd, subcontractor_cost_usd, profit_usd, estimated_signing, start_date, duration_months, end_date, qty_2025, value_2025, gp_2025, qty_2026, value_2026, gp_2026, assigned_to, notes, created_at, updated_at) VALUES ('473f3ec2bed745', '25-092', 'HANDLING', '70411ca474864a', 'Shinwa Engineering Co.,LTD', 'Shinwa Engineering Co.,LTD - Fabrication of Support Frame', 'Fabrication of Support Frame', 'Chế tạo khung giá đỡ vận chuyển No.3', 'WON', 100.0, 8.88, 734400000.0, 28800.0, 3.24, NULL, NULL, NULL, 12231.0, '2025-05-20', '2025-05-22', 2.0, '2025-07-10', 8.88, 28800.0, NULL, 0.0, 0.0, NULL, NULL, 'Source: Sale Plan / Cac HD va du an tiem nang; Section: SIGNED_2025', '2026-04-28 16:09:36', '2026-04-28 16:09:36');
INSERT OR IGNORE INTO sale_contract_milestones (id, opportunity_id, milestone_number, milestone_type, title, planned_date, invoice_amount_vnd, invoice_status, notes, created_at, updated_at) VALUES ('6364c746f3154f', '473f3ec2bed745', 1, 'PAYMENT', 'Payment Milestone 1 - 25-092', '2025-06-13', 14400.0, 'NOT_INVOICED', 'Auto-imported from Sale Plan', '2026-04-28 16:09:36', '2026-04-28 16:09:36');
INSERT OR IGNORE INTO sale_customers (id, code, name, country, region, status, created_at, updated_at) VALUES ('07290ffb108543', 'BUETTN', 'Buettner', NULL, 'OTHER', 'ACTIVE', '2026-04-28 16:09:36', '2026-04-28 16:09:36');
INSERT OR IGNORE INTO sale_opportunities (id, pl_hd, product_group, customer_id, customer_name, project_name, scope_en, scope_vn, stage, win_probability, weight_ton, contract_value_vnd, contract_value_usd, unit_price_usd, material_cost_usd, labor_cost_usd, subcontractor_cost_usd, profit_usd, estimated_signing, start_date, duration_months, end_date, qty_2025, value_2025, gp_2025, qty_2026, value_2026, gp_2026, assigned_to, notes, created_at, updated_at) VALUES ('32e9dddc4f4040', '25-093', 'HANDLING', '07290ffb108543', 'Buettner', 'OSB - Allendale Phase 1', 'Fabrciation two (2) Cyclones', 'Gia công chế tạo 2 bộ siloc chứa', 'WON', 100.0, 55.0, 2888769795.0, 113285.09, 2.06, NULL, NULL, NULL, 21943.0, '2025-05-28', '2025-06-01', 3.0, '2025-08-30', 55.0, 113285.09, NULL, 0.0, 0.0, NULL, NULL, 'Source: Sale Plan / Cac HD va du an tiem nang; Section: SIGNED_2025', '2026-04-28 16:09:36', '2026-04-28 16:09:36');
INSERT OR IGNORE INTO sale_contract_milestones (id, opportunity_id, milestone_number, milestone_type, title, planned_date, invoice_amount_vnd, invoice_status, notes, created_at, updated_at) VALUES ('882db68ec61b48', '32e9dddc4f4040', 1, 'PAYMENT', 'Payment Milestone 1 - 25-093', '2025-07-11', 11328.51, 'NOT_INVOICED', 'Auto-imported from Sale Plan', '2026-04-28 16:09:36', '2026-04-28 16:09:36');
INSERT OR IGNORE INTO sale_opportunities (id, pl_hd, product_group, customer_id, customer_name, project_name, scope_en, scope_vn, stage, win_probability, weight_ton, contract_value_vnd, contract_value_usd, unit_price_usd, material_cost_usd, labor_cost_usd, subcontractor_cost_usd, profit_usd, estimated_signing, start_date, duration_months, end_date, qty_2025, value_2025, gp_2025, qty_2026, value_2026, gp_2026, assigned_to, notes, created_at, updated_at) VALUES ('f3ac05d645ad4c', '25-094', 'OTHER', '5b8a1ce4141c44', 'VOGT POWER INTERNATIONAL', 'V28750 - Brunswick & County', 'Liners', 'Gia công Liner', 'WON', 100.0, 99.2, 20400000000.0, 800000.0, 8.06, NULL, NULL, NULL, 221200.0, '2025-05-30', '2025-06-01', 2.0, '2025-07-28', 99.2, 800000.0, NULL, 0.0, 0.0, NULL, NULL, 'Source: Sale Plan / Cac HD va du an tiem nang; Section: SIGNED_2025', '2026-04-28 16:09:36', '2026-04-28 16:09:36');
INSERT OR IGNORE INTO sale_opportunities (id, pl_hd, product_group, customer_id, customer_name, project_name, scope_en, scope_vn, stage, win_probability, weight_ton, contract_value_vnd, contract_value_usd, unit_price_usd, material_cost_usd, labor_cost_usd, subcontractor_cost_usd, profit_usd, estimated_signing, start_date, duration_months, end_date, qty_2025, value_2025, gp_2025, qty_2026, value_2026, gp_2026, assigned_to, notes, created_at, updated_at) VALUES ('66fd43a0ca574b', '25-095', 'HRSG', '5b8a1ce4141c44', 'VOGT POWER INTERNATIONAL', 'V17565 - Bison', 'Fabrication HRSG non pressure part', 'Gia công kết cấu thép HRSG', 'WON', 100.0, 2793.5, 165312751500.0, 6482853.0, 2.32, NULL, NULL, NULL, 941310.0, '2025-05-30', '2025-06-01', 15.0, '2026-09-01', 1303.63, 3025331.4, NULL, 1489.87, 3457521.6, NULL, NULL, 'Source: Sale Plan / Cac HD va du an tiem nang; Section: SIGNED_2025', '2026-04-28 16:09:36', '2026-04-28 16:09:36');
INSERT OR IGNORE INTO sale_customers (id, code, name, country, region, status, created_at, updated_at) VALUES ('e0c98fd7560a41', 'CNGTYC', 'Công ty CP Đầu tư & Phát triển Thuận Thiên', NULL, 'VIETNAM', 'ACTIVE', '2026-04-28 16:09:36', '2026-04-28 16:09:36');
INSERT OR IGNORE INTO sale_opportunities (id, pl_hd, product_group, customer_id, customer_name, project_name, scope_en, scope_vn, stage, win_probability, weight_ton, contract_value_vnd, contract_value_usd, unit_price_usd, material_cost_usd, labor_cost_usd, subcontractor_cost_usd, profit_usd, estimated_signing, start_date, duration_months, end_date, qty_2025, value_2025, gp_2025, qty_2026, value_2026, gp_2026, assigned_to, notes, created_at, updated_at) VALUES ('bd51876aa7df4f', '25-098', 'OTHER', 'e0c98fd7560a41', 'Công ty CP Đầu tư & Phát triển Thuận Thiên', 'Công ty CP Đầu tư & Phát triển Thuận Thiên - manufacturing 1 Rotor', 'manufacturing 1 Rotor', 'Chế tạo thiết bị kéo Rotor', 'WON', 100.0, 8.27, 435410976.0, 17074.94, 2.06, NULL, NULL, NULL, 2997.0, '2025-06-17', '2025-06-25', 1.0, '2025-07-28', 8.27, 17074.94, NULL, 0.0, 0.0, NULL, NULL, 'Source: Sale Plan / Cac HD va du an tiem nang; Section: SIGNED_2025', '2026-04-28 16:09:36', '2026-04-28 16:09:36');
INSERT OR IGNORE INTO sale_contract_milestones (id, opportunity_id, milestone_number, milestone_type, title, planned_date, invoice_amount_vnd, invoice_status, notes, created_at, updated_at) VALUES ('99318a2ccb7542', 'bd51876aa7df4f', 1, 'PAYMENT', 'Payment Milestone 1 - 25-098', '2025-06-18', 118748448.0, 'NOT_INVOICED', 'Auto-imported from Sale Plan', '2026-04-28 16:09:36', '2026-04-28 16:09:36');
INSERT OR IGNORE INTO sale_contract_milestones (id, opportunity_id, milestone_number, milestone_type, title, planned_date, invoice_amount_vnd, invoice_status, notes, created_at, updated_at) VALUES ('b06bf50e0dd84d', 'bd51876aa7df4f', 2, 'PAYMENT', 'Payment Milestone 2 - 25-098', '2025-07-29', 432241915.0, 'NOT_INVOICED', 'Auto-imported from Sale Plan', '2026-04-28 16:09:36', '2026-04-28 16:09:36');
INSERT OR IGNORE INTO sale_customers (id, code, name, country, region, status, created_at, updated_at) VALUES ('ccfe5dd3b42d45', 'SIEMPE', 'Siempelkamp Energy & Drying Solutions GmbH', NULL, 'OTHER', 'ACTIVE', '2026-04-28 16:09:36', '2026-04-28 16:09:36');
INSERT OR IGNORE INTO sale_opportunities (id, pl_hd, product_group, customer_id, customer_name, project_name, scope_en, scope_vn, stage, win_probability, weight_ton, contract_value_vnd, contract_value_usd, unit_price_usd, material_cost_usd, labor_cost_usd, subcontractor_cost_usd, profit_usd, estimated_signing, start_date, duration_months, end_date, qty_2025, value_2025, gp_2025, qty_2026, value_2026, gp_2026, assigned_to, notes, created_at, updated_at) VALUES ('1b33f6c9ef1443', '25-099', 'DUCT', 'ccfe5dd3b42d45', 'Siempelkamp Energy & Drying Solutions GmbH', 'OSB - Allendale Phase 1', 'Fabrication for Duct from Drum to Cyclone', 'Chế tạo ống dẫn', 'WON', 100.0, 48.4, 2717515110.0, 106569.22, 2.2, NULL, NULL, NULL, 20344.0, '2025-06-17', '2025-06-25', 2.0, '2025-08-30', 48.4, 106569.22, NULL, 0.0, 0.0, NULL, NULL, 'Source: Sale Plan / Cac HD va du an tiem nang; Section: SIGNED_2025', '2026-04-28 16:09:36', '2026-04-28 16:09:36');
INSERT OR IGNORE INTO sale_contract_milestones (id, opportunity_id, milestone_number, milestone_type, title, planned_date, invoice_amount_vnd, invoice_status, notes, created_at, updated_at) VALUES ('99fb7b7ec9484e', '1b33f6c9ef1443', 1, 'PAYMENT', 'Payment Milestone 1 - 25-099', '2025-07-25', 10656.92, 'NOT_INVOICED', 'Auto-imported from Sale Plan', '2026-04-28 16:09:36', '2026-04-28 16:09:36');
INSERT OR IGNORE INTO sale_opportunities (id, pl_hd, product_group, customer_id, customer_name, project_name, scope_en, scope_vn, stage, win_probability, weight_ton, contract_value_vnd, contract_value_usd, unit_price_usd, material_cost_usd, labor_cost_usd, subcontractor_cost_usd, profit_usd, estimated_signing, start_date, duration_months, end_date, qty_2025, value_2025, gp_2025, qty_2026, value_2026, gp_2026, assigned_to, notes, created_at, updated_at) VALUES ('93eaf4caf9b444', '25-097', 'HANDLING', 'beed3d2e9ba749', 'Wendt Noise Control', 'WISCONSIN', 'Steel Structure for Noise Enclosure GE WISCONSIN', 'Gia công kết cấu thép theo bản vẽ', 'WON', 100.0, 182.0, 10983540818.18, 430727.09, 2.37, NULL, NULL, NULL, 137362.0, '2025-06-10', '2025-07-01', 6.0, '2026-09-15', 19.3, 45676.0, NULL, 162.7, 385051.09, NULL, NULL, 'Source: Sale Plan / Cac HD va du an tiem nang; Section: SIGNED_2025', '2026-04-28 16:09:36', '2026-04-28 16:09:36');
INSERT OR IGNORE INTO sale_opportunities (id, pl_hd, product_group, customer_id, customer_name, project_name, scope_en, scope_vn, stage, win_probability, weight_ton, contract_value_vnd, contract_value_usd, unit_price_usd, material_cost_usd, labor_cost_usd, subcontractor_cost_usd, profit_usd, estimated_signing, start_date, duration_months, end_date, qty_2025, value_2025, gp_2025, qty_2026, value_2026, gp_2026, assigned_to, notes, created_at, updated_at) VALUES ('2823174c078844', '25-100', 'SHIP', '70411ca474864a', 'Shinwa Engineering Co.,LTD', 'Shinwa Engineering Co.,LTD - Fabriaction for Shiploader', 'Fabriaction for Shiploader', 'Chết tạo máy xếp hàng khô đậu nành', 'WON', 100.0, 52.0, 4590000000.0, 180000.0, 3.46, NULL, NULL, NULL, 38466.0, '2025-06-30', '2025-07-05', 6.0, '2025-12-30', 52.0, 180000.0, NULL, 0.0, 0.0, NULL, NULL, 'Source: Sale Plan / Cac HD va du an tiem nang; Section: SIGNED_2025', '2026-04-28 16:09:36', '2026-04-28 16:09:36');
INSERT OR IGNORE INTO sale_contract_milestones (id, opportunity_id, milestone_number, milestone_type, title, planned_date, invoice_amount_vnd, invoice_status, notes, created_at, updated_at) VALUES ('e95e713bd11d4d', '2823174c078844', 1, 'PAYMENT', 'Payment Milestone 1 - 25-100', '2025-07-22', 81000.0, 'NOT_INVOICED', 'Auto-imported from Sale Plan', '2026-04-28 16:09:36', '2026-04-28 16:09:36');
INSERT OR IGNORE INTO sale_opportunities (id, pl_hd, product_group, customer_id, customer_name, project_name, scope_en, scope_vn, stage, win_probability, weight_ton, contract_value_vnd, contract_value_usd, unit_price_usd, material_cost_usd, labor_cost_usd, subcontractor_cost_usd, profit_usd, estimated_signing, start_date, duration_months, end_date, qty_2025, value_2025, gp_2025, qty_2026, value_2026, gp_2026, assigned_to, notes, created_at, updated_at) VALUES ('47b29a55168044', '25-096', 'HANDLING', 'e7afb9ebc5f545', 'Damen Song Cam', 'CSD5000', 'Cutter suction dredger-CSD500', 'Main pontoon, side pontoons, A-frame, spuds, cutter ladder, railing', 'WON', 100.0, 200.0, 12600000000.0, 494117.65, 2.47, NULL, NULL, NULL, 139568.0, '2025-06-30', '2025-08-01', 6.0, '2026-01-30', 166.67, 411764.71, NULL, 33.33, 82352.94, NULL, NULL, 'Source: Sale Plan / Cac HD va du an tiem nang; Section: SIGNED_2025', '2026-04-28 16:09:36', '2026-04-28 16:09:36');
INSERT OR IGNORE INTO sale_opportunities (id, pl_hd, product_group, customer_id, customer_name, project_name, scope_en, scope_vn, stage, win_probability, weight_ton, contract_value_vnd, contract_value_usd, unit_price_usd, material_cost_usd, labor_cost_usd, subcontractor_cost_usd, profit_usd, estimated_signing, start_date, duration_months, end_date, qty_2025, value_2025, gp_2025, qty_2026, value_2026, gp_2026, assigned_to, notes, created_at, updated_at) VALUES ('b0758181fee043', '25-101', 'DUCT', 'ccfe5dd3b42d45', 'Siempelkamp Energy & Drying Solutions GmbH', 'Allendale', 'Fabrication Ductwork', 'Fabrication Ductwork', 'WON', 100.0, 7.7, 444753915.0, 17441.33, 2.27, NULL, NULL, NULL, 3347.0, '2025-07-07', '2025-07-15', 1.5, '2025-08-30', 7.7, 17441.33, NULL, 0.0, 0.0, NULL, NULL, 'Source: Sale Plan / Cac HD va du an tiem nang; Section: SIGNED_2025', '2026-04-28 16:09:36', '2026-04-28 16:09:36');
INSERT OR IGNORE INTO sale_opportunities (id, pl_hd, product_group, customer_id, customer_name, project_name, scope_en, scope_vn, stage, win_probability, weight_ton, contract_value_vnd, contract_value_usd, unit_price_usd, material_cost_usd, labor_cost_usd, subcontractor_cost_usd, profit_usd, estimated_signing, start_date, duration_months, end_date, qty_2025, value_2025, gp_2025, qty_2026, value_2026, gp_2026, assigned_to, notes, created_at, updated_at) VALUES ('3d10ec68e2584c', '25-102', 'OTHER', 'ccfe5dd3b42d45', 'Siempelkamp Energy & Drying Solutions GmbH', '1.00440 Bimidji', NULL, NULL, 'WON', 100.0, 135.0, 9052059870.0, 354982.74, 2.63, NULL, NULL, NULL, 69609.0, '2025-08-12', '2025-09-01', 3.0, '2025-11-30', 135.0, 354982.74, NULL, 0.0, 0.0, NULL, NULL, 'Source: Sale Plan / Cac HD va du an tiem nang; Section: SIGNED_2025', '2026-04-28 16:09:36', '2026-04-28 16:09:36');
INSERT OR IGNORE INTO sale_opportunities (id, pl_hd, product_group, customer_id, customer_name, project_name, scope_en, scope_vn, stage, win_probability, weight_ton, contract_value_vnd, contract_value_usd, unit_price_usd, material_cost_usd, labor_cost_usd, subcontractor_cost_usd, profit_usd, estimated_signing, start_date, duration_months, end_date, qty_2025, value_2025, gp_2025, qty_2026, value_2026, gp_2026, assigned_to, notes, created_at, updated_at) VALUES ('1be12b5d5a3a4e', '25-103', 'HANDLING', '5b8a1ce4141c44', 'VOGT POWER INTERNATIONAL', 'V28579', 'Monorail', 'Monorail', 'WON', 100.0, 16.4, 1136382000.0, 44564.0, 2.72, NULL, NULL, NULL, 8367.0, '2025-08-18', '2025-09-01', 2.5, '2025-11-10', 16.4, 44564.0, NULL, 0.0, 0.0, NULL, NULL, 'Source: Sale Plan / Cac HD va du an tiem nang; Section: SIGNED_2025', '2026-04-28 16:09:36', '2026-04-28 16:09:36');
INSERT OR IGNORE INTO sale_opportunities (id, pl_hd, product_group, customer_id, customer_name, project_name, scope_en, scope_vn, stage, win_probability, weight_ton, contract_value_vnd, contract_value_usd, unit_price_usd, material_cost_usd, labor_cost_usd, subcontractor_cost_usd, profit_usd, estimated_signing, start_date, duration_months, end_date, qty_2025, value_2025, gp_2025, qty_2026, value_2026, gp_2026, assigned_to, notes, created_at, updated_at) VALUES ('c2a4dcfb73874a', '25-104', 'OTHER', 'beed3d2e9ba749', 'Wendt Noise Control', 'Wisconsin', NULL, NULL, 'WON', 100.0, 30.4, 2385514035.0, 93549.57, 3.08, NULL, NULL, NULL, 28654.23, '2025-08-11', '2025-09-01', 13.0, '2026-09-15', 10.13, 31183.19, NULL, 20.27, 62366.38, NULL, NULL, 'Source: Sale Plan / Cac HD va du an tiem nang; Section: SIGNED_2025', '2026-04-28 16:09:36', '2026-04-28 16:09:36');
INSERT OR IGNORE INTO sale_opportunities (id, pl_hd, product_group, customer_id, customer_name, project_name, scope_en, scope_vn, stage, win_probability, weight_ton, contract_value_vnd, contract_value_usd, unit_price_usd, material_cost_usd, labor_cost_usd, subcontractor_cost_usd, profit_usd, estimated_signing, start_date, duration_months, end_date, qty_2025, value_2025, gp_2025, qty_2026, value_2026, gp_2026, assigned_to, notes, created_at, updated_at) VALUES ('3b1472829dc845', '25-105', 'OTHER', 'ccfe5dd3b42d45', 'Siempelkamp Energy & Drying Solutions GmbH', '1.00440 Bimidji', NULL, NULL, 'WON', 100.0, 13.5, 1321109610.0, 51808.22, 3.84, NULL, NULL, NULL, 11361.0, '2025-08-29', '2025-09-01', 3.5, '2025-12-15', 13.5, 51808.22, NULL, 0.0, 0.0, NULL, NULL, 'Source: Sale Plan / Cac HD va du an tiem nang; Section: SIGNED_2025', '2026-04-28 16:09:36', '2026-04-28 16:09:36');
INSERT OR IGNORE INTO sale_opportunities (id, pl_hd, product_group, customer_id, customer_name, project_name, scope_en, scope_vn, stage, win_probability, weight_ton, contract_value_vnd, contract_value_usd, unit_price_usd, material_cost_usd, labor_cost_usd, subcontractor_cost_usd, profit_usd, estimated_signing, start_date, duration_months, end_date, qty_2025, value_2025, gp_2025, qty_2026, value_2026, gp_2026, assigned_to, notes, created_at, updated_at) VALUES ('f3bbdb26e05e41', '25-1', 'HRSG', '334b9740b9c24a', 'NEM', 'Facility E, Qatar', 'Fabrication Bypass Systems', 'Gia công chế tạo hệ thống Bypass (dự kiến 04 cụm)', 'QUOTED', 50.0, 718.0, 91371141000.0, 3583182.0, 4.99, NULL, NULL, NULL, 798969.0, '2025-11-01', '2026-01-01', 10.0, '2026-11-13', 0.0, 0.0, NULL, 718.0, 3583182.0, NULL, NULL, 'Source: Sale Plan / Cac HD va du an tiem nang; Quotation: Q25128; Section: POTENTIAL', '2026-04-28 16:09:36', '2026-04-28 16:09:36');
INSERT OR IGNORE INTO sale_opportunities (id, pl_hd, product_group, customer_id, customer_name, project_name, scope_en, scope_vn, stage, win_probability, weight_ton, contract_value_vnd, contract_value_usd, unit_price_usd, material_cost_usd, labor_cost_usd, subcontractor_cost_usd, profit_usd, estimated_signing, start_date, duration_months, end_date, qty_2025, value_2025, gp_2025, qty_2026, value_2026, gp_2026, assigned_to, notes, created_at, updated_at) VALUES ('fa9c5d570cee4d', '25-2', 'HRSG', '334b9740b9c24a', 'NEM', 'Karadeniz', '12 Bypass Systems', '12 Bypass Systems', 'NEGOTIATION', 70.0, 859.48, 84088094670.0, 3297572.34, 3.84, NULL, NULL, NULL, 683014.34, '2025-12-01', '2026-04-01', 12.0, '2027-04-27', 0.0, 0.0, NULL, 572.98, 2198381.56, NULL, NULL, 'Source: Sale Plan / Cac HD va du an tiem nang; Quotation: Q25122; Section: POTENTIAL', '2026-04-28 16:09:36', '2026-04-28 16:09:36');
INSERT OR IGNORE INTO sale_opportunities (id, pl_hd, product_group, customer_id, customer_name, project_name, scope_en, scope_vn, stage, win_probability, weight_ton, contract_value_vnd, contract_value_usd, unit_price_usd, material_cost_usd, labor_cost_usd, subcontractor_cost_usd, profit_usd, estimated_signing, start_date, duration_months, end_date, qty_2025, value_2025, gp_2025, qty_2026, value_2026, gp_2026, assigned_to, notes, created_at, updated_at) VALUES ('8b787d0b389c4b', '25-3', 'DUCT', '70411ca474864a', 'SHINWA ENGINEERING CO.,LTD', 'Stacker-reclaimer Renewal Project', 'Supply material, fabrication stacker-reclaimer', 'Cung cấp và chế tạo máy xếp-thu hồi', 'QUOTED', 50.0, 712.7, 67522750500.0, 2647951.0, 3.72, NULL, NULL, NULL, 582942.0, '2025-12-01', '2026-01-01', 8.0, '2026-09-01', 445.44, 1654969.38, NULL, 267.26, 992981.62, NULL, NULL, 'Source: Sale Plan / Cac HD va du an tiem nang; Quotation: Q24131; Remarks: MMM đè xuất giảm giá để trúng thầu; Section: POTENTIAL', '2026-04-28 16:09:36', '2026-04-28 16:09:36');
INSERT OR IGNORE INTO sale_opportunities (id, pl_hd, product_group, customer_id, customer_name, project_name, scope_en, scope_vn, stage, win_probability, weight_ton, contract_value_vnd, contract_value_usd, unit_price_usd, material_cost_usd, labor_cost_usd, subcontractor_cost_usd, profit_usd, estimated_signing, start_date, duration_months, end_date, qty_2025, value_2025, gp_2025, qty_2026, value_2026, gp_2026, assigned_to, notes, created_at, updated_at) VALUES ('f9f333ac691b49', '25-4', 'DUCT', '70411ca474864a', 'SHINWA ENGINEERING CO.,LTD', 'SHINWA ENGINEERING CO.,LTD - Fabrication of one Stacker/ Reclaimer', 'Fabrication of one Stacker/ Reclaimer', 'Fabrication of one Stacker/ Reclaimer', 'QUOTED', 50.0, 294.0, 26116768500.0, 1024187.0, 3.48, NULL, NULL, NULL, 213576.0, '2025-12-01', '2026-01-01', 5.0, '2026-07-01', 0.0, 0.0, NULL, 294.0, 1024187.0, NULL, NULL, 'Source: Sale Plan / Cac HD va du an tiem nang; Quotation: Q24114 Rev 1; Section: POTENTIAL', '2026-04-28 16:09:36', '2026-04-28 16:09:36');
INSERT OR IGNORE INTO sale_opportunities (id, pl_hd, product_group, customer_id, customer_name, project_name, scope_en, scope_vn, stage, win_probability, weight_ton, contract_value_vnd, contract_value_usd, unit_price_usd, material_cost_usd, labor_cost_usd, subcontractor_cost_usd, profit_usd, estimated_signing, start_date, duration_months, end_date, qty_2025, value_2025, gp_2025, qty_2026, value_2026, gp_2026, assigned_to, notes, created_at, updated_at) VALUES ('881f7b1a34a74d', '25-5', 'SHIP', '70411ca474864a', 'SHINWA ENGINEERING CO.,LTD', 'SUL Hokuyoumaru', 'Self-Unloader Ship', 'Self-Unloader Ship', 'NEGOTIATION', 70.0, 142.0, 13867996500.0, 543843.0, 3.83, NULL, NULL, NULL, 107075.0, '2025-10-01', '2026-02-01', 4.0, '2026-05-01', 0.0, 0.0, NULL, 142.0, 543843.0, NULL, NULL, 'Source: Sale Plan / Cac HD va du an tiem nang; Quotation: Q25001; Remarks: khách đã trúng; Section: POTENTIAL', '2026-04-28 16:09:36', '2026-04-28 16:09:36');
INSERT OR IGNORE INTO sale_opportunities (id, pl_hd, product_group, customer_id, customer_name, project_name, scope_en, scope_vn, stage, win_probability, weight_ton, contract_value_vnd, contract_value_usd, unit_price_usd, material_cost_usd, labor_cost_usd, subcontractor_cost_usd, profit_usd, estimated_signing, start_date, duration_months, end_date, qty_2025, value_2025, gp_2025, qty_2026, value_2026, gp_2026, assigned_to, notes, created_at, updated_at) VALUES ('61db4b93000b41', '25-6', 'DUCT', 'ce3934334dc841', 'Braden-Europe B.V', 'BEUR 13001/GE Australia', 'Fabrication Exhaust stack', 'Fabrication Exhaust stack', 'QUOTED', 50.0, 886.0, 51203719500.0, 2007989.0, 2.27, NULL, NULL, NULL, 492250.0, '2025-08-01', '2025-11-01', 6.0, '2026-06-01', 295.33, 669329.67, NULL, 590.67, 1338659.33, NULL, NULL, 'Source: Sale Plan / Cac HD va du an tiem nang; Section: POTENTIAL', '2026-04-28 16:09:36', '2026-04-28 16:09:36');
INSERT OR IGNORE INTO sale_opportunities (id, pl_hd, product_group, customer_id, customer_name, project_name, scope_en, scope_vn, stage, win_probability, weight_ton, contract_value_vnd, contract_value_usd, unit_price_usd, material_cost_usd, labor_cost_usd, subcontractor_cost_usd, profit_usd, estimated_signing, start_date, duration_months, end_date, qty_2025, value_2025, gp_2025, qty_2026, value_2026, gp_2026, assigned_to, notes, created_at, updated_at) VALUES ('fa244703047e40', '25-7', 'HRSG', '70f43652748b43', 'John Cockerill Energy', 'BKV - 25526', 'Fabrication 2 HRSG', 'Fabrication 2 HRSG', 'QUOTED', 50.0, 2788.0, 190703987115.0, 7478587.73, 2.68, NULL, NULL, NULL, 1492408.0, '2026-03-01', '2026-04-01', 12.0, '2027-04-01', 0.0, 0.0, NULL, 2091.0, 5608940.8, NULL, NULL, 'Source: Sale Plan / Cac HD va du an tiem nang; Section: POTENTIAL', '2026-04-28 16:09:36', '2026-04-28 16:09:36');
INSERT OR IGNORE INTO sale_opportunities (id, pl_hd, product_group, customer_id, customer_name, project_name, scope_en, scope_vn, stage, win_probability, weight_ton, contract_value_vnd, contract_value_usd, unit_price_usd, material_cost_usd, labor_cost_usd, subcontractor_cost_usd, profit_usd, estimated_signing, start_date, duration_months, end_date, qty_2025, value_2025, gp_2025, qty_2026, value_2026, gp_2026, assigned_to, notes, created_at, updated_at) VALUES ('a0457503d91f46', '25-8', 'DIVERTER', 'ce3934334dc841', 'Braden-Europe B.V', '13206', '10 stack dampers', '10 stack dampers', 'QUOTED', 50.0, 70.0, 14815500000.0, 581000.0, 8.3, NULL, NULL, NULL, 143361.0, '2025-12-01', '2026-01-01', 7.0, '2026-08-01', 0.0, 0.0, NULL, 70.0, 581000.0, NULL, NULL, 'Source: Sale Plan / Cac HD va du an tiem nang; Section: POTENTIAL', '2026-04-28 16:09:36', '2026-04-28 16:09:36');
INSERT OR IGNORE INTO sale_opportunities (id, pl_hd, product_group, customer_id, customer_name, project_name, scope_en, scope_vn, stage, win_probability, weight_ton, contract_value_vnd, contract_value_usd, unit_price_usd, material_cost_usd, labor_cost_usd, subcontractor_cost_usd, profit_usd, estimated_signing, start_date, duration_months, end_date, qty_2025, value_2025, gp_2025, qty_2026, value_2026, gp_2026, assigned_to, notes, created_at, updated_at) VALUES ('b89e11c8256f49', '25-9', 'HRSG', 'ce3934334dc841', 'Braden-Europe B.V', '13185', '2 bypass systems', '2 bypass systems', 'QUOTED', 50.0, 431.0, 60508159500.0, 2372869.0, 5.51, NULL, NULL, NULL, 270270.0, '2025-12-01', '2026-01-01', 8.0, '2026-09-01', 0.0, 0.0, NULL, 431.0, 2372869.0, NULL, NULL, 'Source: Sale Plan / Cac HD va du an tiem nang; Section: POTENTIAL', '2026-04-28 16:09:36', '2026-04-28 16:09:36');
INSERT OR IGNORE INTO sale_opportunities (id, pl_hd, product_group, customer_id, customer_name, project_name, scope_en, scope_vn, stage, win_probability, weight_ton, contract_value_vnd, contract_value_usd, unit_price_usd, material_cost_usd, labor_cost_usd, subcontractor_cost_usd, profit_usd, estimated_signing, start_date, duration_months, end_date, qty_2025, value_2025, gp_2025, qty_2026, value_2026, gp_2026, assigned_to, notes, created_at, updated_at) VALUES ('f5bc620e7c6545', '25-10', 'DUCT', '5b8a1ce4141c44', 'VOGT POWER INTERNATIONAL', 'V6C240 Wabash', '1 simple cycle stack', '1 simple cycle stack', 'QUOTED', 50.0, 178.0, 11865226500.0, 465303.0, 2.61, NULL, NULL, NULL, 105130.0, '2025-09-01', '2025-10-01', 6.0, '2026-04-17', 89.0, 232651.5, NULL, 89.0, 232651.5, NULL, NULL, 'Source: Sale Plan / Cac HD va du an tiem nang; Section: POTENTIAL', '2026-04-28 16:09:36', '2026-04-28 16:09:36');
INSERT OR IGNORE INTO sale_opportunities (id, pl_hd, product_group, customer_id, customer_name, project_name, scope_en, scope_vn, stage, win_probability, weight_ton, contract_value_vnd, contract_value_usd, unit_price_usd, material_cost_usd, labor_cost_usd, subcontractor_cost_usd, profit_usd, estimated_signing, start_date, duration_months, end_date, qty_2025, value_2025, gp_2025, qty_2026, value_2026, gp_2026, assigned_to, notes, created_at, updated_at) VALUES ('25d8c66af26447', '25-11', 'OTHER', '5b8a1ce4141c44', 'VOGT POWER INTERNATIONAL', 'V17568 Duke Person County', 'Non-pressure parts (2 Units)', 'Non-pressure parts (2 Units)', 'WON', 90.0, 2530.0, 191652538827.54, 7515785.84, 2.97, NULL, NULL, NULL, 1681572.58, '2025-10-15', '2025-12-01', 11.0, '2026-11-05', 230.0, 683253.26, NULL, 2300.0, 6832532.58, NULL, NULL, 'Source: Sale Plan / Cac HD va du an tiem nang; Quotation: Q25119; Section: POTENTIAL', '2026-04-28 16:09:36', '2026-04-28 16:09:36');
